<enum max="32767" min="8192" name="motion" namesoff="true" short="mot">
  <e id=" 8196" name="com_walk_fs" />
  <e id=" 8197" name="com_walk_fs_hd" />
  <e id=" 8198" name="com_walk_fs_hd1" />
  <e id=" 8199" name="com_walk_fs_hd2" />
  <e id=" 8200" name="com_walk_fs_hdl" />
  <e id=" 8201" name="com_walk_fs_hdr" />
  <e id=" 8202" name="wag_front_back" />
  <e id=" 8203" name="com_walk_fr_2a" />
  <e id=" 8204" name="com_walk_fr_short" />
  <e id=" 8205" name="com_walk_fl_2a" />
  <e id=" 8206" name="com_walk_fl_short" />
  <e id=" 8207" name="headleft" />
  <e id=" 8208" name="headright" />
  <e id=" 8209" name="lean_back" />
  <e id=" 8210" name="soc_stand_c" />
  <e id=" 8211" name="com_walk_bl_2a" />
  <e id=" 8212" name="com_walk_br_2a" />
  <e id=" 8213" name="com_walk_bs" />
  <e id=" 8215" name="headdownright" />
  <e id=" 8216" name="sweep_right" />
  <e id=" 8217" name="com_walk_fs_rage" />
</enum>